"ticker","tab","extracted_at","index","title","category","date"
"MSFT","News, Filings & Transcripts > Transcripts","2026-05-17T21:00:00-04:00","0","Q3 2026 Earnings Call","Earnings Calls","Apr 29 '26"
"MSFT","News, Filings & Transcripts > Transcripts","2026-05-17T21:00:00-04:00","1","Morgan Stanley Technology","Company Conference Presentations","Mar 04 '26"
"MSFT","News, Filings & Transcripts > Transcripts","2026-05-17T21:00:00-04:00","2","Q2 2026 Earnings Call","Earnings Calls","Jan 28 '26"
"MSFT","News, Filings & Transcripts > Transcripts","2026-05-17T21:00:00-04:00","3","Barclays 23rd Annual Global Technology Conference","Company Conference Presentations","Dec 11 '25"
"MSFT","News, Filings & Transcripts > Transcripts","2026-05-17T21:00:00-04:00","4","UBS Global Technology and AI Conference 2025","Company Conference Presentations","Dec 02 '25"
"MSFT","News, Filings & Transcripts > Transcripts","2026-05-17T21:00:00-04:00","5","Q1 2026 Earnings Call","Earnings Calls","Oct 29 '25"
"MSFT","News, Filings & Transcripts > Transcripts","2026-05-17T21:00:00-04:00","6","Goldman Sachs Communacopia + Technology Conference 2025","Company Conference Presentations","Sep 10 '25"
"MSFT","News, Filings & Transcripts > Transcripts","2026-05-17T21:00:00-04:00","7","Deutsche Bank's 2025 Technology Conference","Company Conference Presentations","Aug 28 '25"
"MSFT","News, Filings & Transcripts > Transcripts","2026-05-17T21:00:00-04:00","8","Q4 2025 Earnings Call","Earnings Calls","Jul 30 '25"
"MSFT","News, Filings & Transcripts > Transcripts","2026-05-17T21:00:00-04:00","9","Bank of America Global Technology Conference 2025","Company Conference Presentations","Jun 03 '25"
"MSFT","News, Filings & Transcripts > Transcripts","2026-05-17T21:00:00-04:00","10","Jefferies 2025 Software & Internet Conference","Company Conference Presentations","May 28 '25"
"MSFT","News, Filings & Transcripts > Transcripts","2026-05-17T21:00:00-04:00","11","53rd Annual JPMorgan Global Technology","Company Conference Presentations","May 13 '25"
"MSFT","News, Filings & Transcripts > Transcripts","2026-05-17T21:00:00-04:00","12","Q3 2025 Earnings Call","Earnings Calls","Apr 30 '25"
"MSFT","News, Filings & Transcripts > Transcripts","2026-05-17T21:00:00-04:00","13","Morgan Stanley Technology","Company Conference Presentations","Mar 04 '25"
"MSFT","News, Filings & Transcripts > Transcripts","2026-05-17T21:00:00-04:00","14","Q2 2025 Earnings Call","Earnings Calls","Jan 29 '25"
"MSFT","News, Filings & Transcripts > Transcripts","2026-05-17T21:00:00-04:00","15","Barclays 22nd Annual Global Technology Conference 2024","Company Conference Presentations","Dec 12 '24"
"MSFT","News, Filings & Transcripts > Transcripts","2026-05-17T21:00:00-04:00","16","Wells Fargo 8th Annual TMT Summit","Company Conference Presentations","Dec 03 '24"
"MSFT","News, Filings & Transcripts > Transcripts","2026-05-17T21:00:00-04:00","17","UBS Global Technology and AI Conference","Company Conference Presentations","Dec 03 '24"
"MSFT","News, Filings & Transcripts > Transcripts","2026-05-17T21:00:00-04:00","18","Q1 2025 Earnings Call","Earnings Calls","Oct 30 '24"
"MSFT","News, Filings & Transcripts > Transcripts","2026-05-17T21:00:00-04:00","19","Goldman Sachs Communacopia + Technology Conference 2024","Company Conference Presentations","Sep 10 '24"
"MSFT","News, Filings & Transcripts > Transcripts","2026-05-17T21:00:00-04:00","20","Citi's 2024 Global TMT Conference","Company Conference Presentations","Sep 05 '24"
"MSFT","News, Filings & Transcripts > Transcripts","2026-05-17T21:00:00-04:00","21","Deutsche Bank Technology Conference 2024","Company Conference Presentations","Aug 28 '24"
"MSFT","News, Filings & Transcripts > Transcripts","2026-05-17T21:00:00-04:00","22","Special Call - Microsoft Corporation","Special Calls","Aug 05 '24"
"MSFT","News, Filings & Transcripts > Transcripts","2026-05-17T21:00:00-04:00","23","Q4 2024 Earnings Call","Earnings Calls","Jul 30 '24"
"MSFT","News, Filings & Transcripts > Transcripts","2026-05-17T21:00:00-04:00","24","BofA Securities 2024 Global Technology Conference","Company Conference Presentations","Jun 06 '24"
"MSFT","News, Filings & Transcripts > Transcripts","2026-05-17T21:00:00-04:00","25","Jefferies Software Conference 2024","Company Conference Presentations","May 29 '24"
"MSFT","News, Filings & Transcripts > Transcripts","2026-05-17T21:00:00-04:00","26","The 52nd J.P. Morgan Annual Global Technology","Company Conference Presentations","May 21 '24"
"MSFT","News, Filings & Transcripts > Transcripts","2026-05-17T21:00:00-04:00","27","Special Call - Microsoft Corporation","Special Calls","May 02 '24"
"MSFT","News, Filings & Transcripts > Transcripts","2026-05-17T21:00:00-04:00","28","Q3 2024 Earnings Call","Earnings Calls","Apr 25 '24"
"MSFT","News, Filings & Transcripts > Transcripts","2026-05-17T21:00:00-04:00","29","Morgan Stanley's Technology","Company Conference Presentations","Mar 06 '24"
"MSFT","News, Filings & Transcripts > Transcripts","2026-05-17T21:00:00-04:00","30","Q2 2024 Earnings Call","Earnings Calls","Jan 30 '24"
"MSFT","News, Filings & Transcripts > Transcripts","2026-05-17T21:00:00-04:00","31","NRF 2024: Retail's Big Show","Company Conference Presentations","Jan 15 '24"
"MSFT","News, Filings & Transcripts > Transcripts","2026-05-17T21:00:00-04:00","32","2023 Barclays Global Technology Conference","Company Conference Presentations","Dec 07 '23"
"MSFT","News, Filings & Transcripts > Transcripts","2026-05-17T21:00:00-04:00","33","2023 UBS Global Technology Conference","Company Conference Presentations","Nov 29 '23"
"MSFT","News, Filings & Transcripts > Transcripts","2026-05-17T21:00:00-04:00","34","Wells Fargo 7th Annual TMT Summit 2023","Company Conference Presentations","Nov 28 '23"
"MSFT","News, Filings & Transcripts > Transcripts","2026-05-17T21:00:00-04:00","35","Q1 2024 Earnings Call","Earnings Calls","Oct 24 '23"
"MSFT","News, Filings & Transcripts > Transcripts","2026-05-17T21:00:00-04:00","36","Goldman Sachs Communacopia & Technology Conference","Company Conference Presentations","Sep 07 '23"
"MSFT","News, Filings & Transcripts > Transcripts","2026-05-17T21:00:00-04:00","37","Citi's 2023 Global Technology Conference","Company Conference Presentations","Sep 07 '23"
"MSFT","News, Filings & Transcripts > Transcripts","2026-05-17T21:00:00-04:00","38","Deutsche Bank's 2023 Technology Conference","Company Conference Presentations","Aug 30 '23"
"MSFT","News, Filings & Transcripts > Transcripts","2026-05-17T21:00:00-04:00","39","Q4 2023 Earnings Call","Earnings Calls","Jul 25 '23"
"MSFT","News, Filings & Transcripts > Transcripts","2026-05-17T21:00:00-04:00","40","Special Call - Microsoft Corporation","Special Calls","Jun 13 '23"
"MSFT","News, Filings & Transcripts > Transcripts","2026-05-17T21:00:00-04:00","41","Special Call - Microsoft Corporation","Special Calls","Jun 12 '23"
"MSFT","News, Filings & Transcripts > Transcripts","2026-05-17T21:00:00-04:00","42","Bank of America 2023 Global Technology Conference","Company Conference Presentations","Jun 07 '23"
"MSFT","News, Filings & Transcripts > Transcripts","2026-05-17T21:00:00-04:00","43","Jefferies Software Conference 2023","Company Conference Presentations","May 31 '23"
